Name,Address,Email
Emily Johnson,1234 Elm Street, Springfield, IL 62701,emily.johnson@emailprovider.com
Alex Rodriguez,5678 Oak Avenue, Lakeside, CA 92040,arod@emailprovider.com
Sarah Thompson,4321 Pine Lane, Rivertown, NY 10001,sarah.t@emailprovider.com
Chris Wilson,8769 Maple Drive, Mountainview, CO 80302,chris.w@emailprovider.com
Jessica Carter,9876 Birch Street, Harmony, TX 75001,jess.carter@emailprovider.com
John Davis,6543 Cedar Road, Seaville, FL 33123,john.d@emailprovider.com
Amanda White,7890 Pine Avenue, Hilltop, AZ 85001,amanda.white@emailprovider.com
Michael Brown,2345 Oak Lane, Riverside, WA 98001,michael.b@emailprovider.com
Jennifer Smith,8765 Elm Drive, Lakeside, GA 30345,jennifer.s@emailprovider.com
David Taylor,3456 Birch Lane, Hillview, NC 27501,david.taylor@emailprovider.com
Samantha Miller,4321 Maple Road, Riverview, TX 75002,sam.m@emailprovider.com
Andrew Harris,5678 Cedar Lane, Mountainville, CA 92041,andrew.h@emailprovider.com
Olivia Martinez,7890 Pine Drive, Harmony, NY 10002,olivia.m@emailprovider.com
Daniel Thompson,1234 Oak Street, Springville, IL 62702,daniel.t@emailprovider.com
Melissa Johnson,6543 Pine Avenue, Lakeside, CO 80303,melissa.j@emailprovider.com
Brian Wilson,8769 Birch Drive, Mountainview, TX 75003,brian.w@emailprovider.com
Rachel Carter,9876 Elm Lane, Hilltop, WA 98002,rachel.c@emailprovider.com
Christopher White,2345 Maple Road, Riverside, GA 30346,chris.white@emailprovider.com
Sophia Davis,3456 Cedar Lane, Seaville, FL 33124,sophia.d@emailprovider.com
Tyler Brown,5678 Oak Drive, Rivertown, AZ 85002,tyler.brown@emailprovider.com
